date,home_team,away_team,home_score,away_score,tournament,home_abrv,away_abrv,year,month,day,home_rank,away_rank,home_cup_win_record,away_cup_win_record,is_home_hosting,is_away_hosting,hosted_country,weather_key,count,avg_temp_host,avg_humidity_host
1/10/2010,Angola,Mali,4,4,African Cup of Nations,ANG,MLI,2010,1,10,88,67,0,0,1,0,ANG,ANG_2010_1,29,27.196428571428573,74.96428571428571
1/11/2010,Ivory Coast,Burkina Faso,0,0,African Cup of Nations,CIV,BFA,2010,1,11,21,41,3,0,0,0,ANG,ANG_2010_1,29,27.196428571428573,74.96428571428571
1/11/2010,Malawi,Algeria,3,0,African Cup of Nations,MWI,ALG,2010,1,11,86,35,0,2,0,0,ANG,ANG_2010_1,29,27.196428571428573,74.96428571428571
1/12/2010,Egypt,Nigeria,3,1,African Cup of Nations,EGY,NGA,2010,1,12,9,32,7,3,0,0,ANG,ANG_2010_1,29,27.196428571428573,74.96428571428571
1/12/2010,Mozambique,Benin,2,2,African Cup of Nations,MOZ,BEN,2010,1,12,96,71,0,0,0,0,ANG,ANG_2010_1,29,27.196428571428573,74.96428571428571
1/13/2010,Cameroon,Gabon,0,1,African Cup of Nations,CMR,GAB,2010,1,13,37,39,5,0,0,0,ANG,ANG_2010_1,29,27.196428571428573,74.96428571428571
1/13/2010,Zambia,Tunisia,1,1,African Cup of Nations,ZAM,TUN,2010,1,13,76,45,1,1,0,0,ANG,ANG_2010_1,29,27.196428571428573,74.96428571428571
1/14/2010,Angola,Malawi,2,0,African Cup of Nations,ANG,MWI,2010,1,14,88,86,0,0,1,0,ANG,ANG_2010_1,29,27.196428571428573,74.96428571428571
1/14/2010,Mali,Algeria,0,1,African Cup of Nations,MLI,ALG,2010,1,14,67,35,0,2,0,0,ANG,ANG_2010_1,29,27.196428571428573,74.96428571428571
1/15/2010,Ivory Coast,Ghana,3,1,African Cup of Nations,CIV,GHA,2010,1,15,21,16,3,4,0,0,ANG,ANG_2010_1,29,27.196428571428573,74.96428571428571
1/16/2010,Egypt,Mozambique,2,0,African Cup of Nations,EGY,MOZ,2010,1,16,9,96,7,0,0,0,ANG,ANG_2010_1,29,27.196428571428573,74.96428571428571
1/16/2010,Nigeria,Benin,1,0,African Cup of Nations,NGA,BEN,2010,1,16,32,71,3,0,0,0,ANG,ANG_2010_1,29,27.196428571428573,74.96428571428571
1/17/2010,Cameroon,Zambia,3,2,African Cup of Nations,CMR,ZAM,2010,1,17,37,76,5,1,0,0,ANG,ANG_2010_1,29,27.196428571428573,74.96428571428571
1/17/2010,Gabon,Tunisia,0,0,African Cup of Nations,GAB,TUN,2010,1,17,39,45,0,1,0,0,ANG,ANG_2010_1,29,27.196428571428573,74.96428571428571
1/18/2010,Angola,Algeria,0,0,African Cup of Nations,ANG,ALG,2010,1,18,88,35,0,2,1,0,ANG,ANG_2010_1,29,27.196428571428573,74.96428571428571
1/18/2010,Mali,Malawi,3,1,African Cup of Nations,MLI,MWI,2010,1,18,67,86,0,0,0,0,ANG,ANG_2010_1,29,27.196428571428573,74.96428571428571
1/19/2010,Burkina Faso,Ghana,0,1,African Cup of Nations,BFA,GHA,2010,1,19,41,16,0,4,0,0,ANG,ANG_2010_1,29,27.196428571428573,74.96428571428571
1/20/2010,Egypt,Benin,2,0,African Cup of Nations,EGY,BEN,2010,1,20,9,71,7,0,0,0,ANG,ANG_2010_1,29,27.196428571428573,74.96428571428571
1/20/2010,Nigeria,Mozambique,3,0,African Cup of Nations,NGA,MOZ,2010,1,20,32,96,3,0,0,0,ANG,ANG_2010_1,29,27.196428571428573,74.96428571428571
1/21/2010,Cameroon,Tunisia,2,2,African Cup of Nations,CMR,TUN,2010,1,21,37,45,5,1,0,0,ANG,ANG_2010_1,29,27.196428571428573,74.96428571428571
1/21/2010,Gabon,Zambia,1,2,African Cup of Nations,GAB,ZAM,2010,1,21,39,76,0,1,0,0,ANG,ANG_2010_1,29,27.196428571428573,74.96428571428571
1/24/2010,Angola,Ghana,0,1,African Cup of Nations,ANG,GHA,2010,1,24,88,16,0,4,1,0,ANG,ANG_2010_1,29,27.196428571428573,74.96428571428571
1/24/2010,Ivory Coast,Algeria,2,3,African Cup of Nations,CIV,ALG,2010,1,24,21,35,3,2,0,0,ANG,ANG_2010_1,29,27.196428571428573,74.96428571428571
1/25/2010,Egypt,Cameroon,3,1,African Cup of Nations,EGY,CMR,2010,1,25,9,37,7,5,0,0,ANG,ANG_2010_1,29,27.196428571428573,74.96428571428571
1/25/2010,Zambia,Nigeria,0,0,African Cup of Nations,ZAM,NGA,2010,1,25,76,32,1,3,0,0,ANG,ANG_2010_1,29,27.196428571428573,74.96428571428571
1/28/2010,Algeria,Egypt,0,4,African Cup of Nations,ALG,EGY,2010,1,28,35,9,2,7,0,0,ANG,ANG_2010_1,29,27.196428571428573,74.96428571428571
1/28/2010,Ghana,Nigeria,1,0,African Cup of Nations,GHA,NGA,2010,1,28,16,32,4,3,0,0,ANG,ANG_2010_1,29,27.196428571428573,74.96428571428571
1/30/2010,Nigeria,Algeria,1,0,African Cup of Nations,NGA,ALG,2010,1,30,32,35,3,2,0,0,ANG,ANG_2010_1,29,27.196428571428573,74.96428571428571
1/31/2010,Ghana,Egypt,0,1,African Cup of Nations,GHA,EGY,2010,1,31,16,9,4,7,0,0,ANG,ANG_2010_1,29,27.196428571428573,74.96428571428571
1/21/2012,Equatorial Guinea,Libya,1,0,African Cup of Nations,EQG,LBY,2012,1,21,79,54,0,0,1,0,GAB,GAB_2012_1,22,25.382142857142856,87.60714285714286
1/21/2012,Senegal,Zambia,1,2,African Cup of Nations,SEN,ZAM,2012,1,21,77,34,1,1,0,0,GAB,GAB_2012_1,22,25.382142857142856,87.60714285714286
1/22/2012,Burkina Faso,Angola,1,2,African Cup of Nations,BFA,ANG,2012,1,22,89,84,0,0,0,0,GAB,GAB_2012_1,22,25.382142857142856,87.60714285714286
1/22/2012,Ivory Coast,Sudan,1,0,African Cup of Nations,CIV,SDN,2012,1,22,14,101,3,1,0,0,GAB,GAB_2012_1,22,25.382142857142856,87.60714285714286
1/23/2012,Gabon,Niger,2,0,African Cup of Nations,GAB,NIG,2012,1,23,42,105,0,0,1,0,GAB,GAB_2012_1,22,25.382142857142856,87.60714285714286
1/23/2012,Morocco,Tunisia,1,2,African Cup of Nations,MAR,TUN,2012,1,23,74,45,1,1,0,0,GAB,GAB_2012_1,22,25.382142857142856,87.60714285714286
1/24/2012,Ghana,Botswana,1,0,African Cup of Nations,GHA,BOT,2012,1,24,30,121,4,0,0,0,GAB,GAB_2012_1,22,25.382142857142856,87.60714285714286
1/24/2012,Mali,Guinea,1,0,African Cup of Nations,MLI,GUI,2012,1,24,25,60,0,0,0,0,GAB,GAB_2012_1,22,25.382142857142856,87.60714285714286
1/25/2012,Equatorial Guinea,Senegal,2,1,African Cup of Nations,EQG,SEN,2012,1,25,79,77,0,1,1,0,GAB,GAB_2012_1,22,25.382142857142856,87.60714285714286
1/25/2012,Libya,Zambia,2,2,African Cup of Nations,LBY,ZAM,2012,1,25,54,34,0,1,0,0,GAB,GAB_2012_1,22,25.382142857142856,87.60714285714286
1/26/2012,Ivory Coast,Burkina Faso,2,0,African Cup of Nations,CIV,BFA,2012,1,26,14,89,3,0,0,0,GAB,GAB_2012_1,22,25.382142857142856,87.60714285714286
1/26/2012,Sudan,Angola,2,2,African Cup of Nations,SDN,ANG,2012,1,26,101,84,1,0,0,0,GAB,GAB_2012_1,22,25.382142857142856,87.60714285714286
1/27/2012,Gabon,Morocco,3,2,African Cup of Nations,GAB,MAR,2012,1,27,42,74,0,1,1,0,GAB,GAB_2012_1,22,25.382142857142856,87.60714285714286
1/27/2012,Niger,Tunisia,1,2,African Cup of Nations,NIG,TUN,2012,1,27,105,45,0,1,0,0,GAB,GAB_2012_1,22,25.382142857142856,87.60714285714286
1/28/2012,Botswana,Guinea,1,6,African Cup of Nations,BOT,GUI,2012,1,28,121,60,0,0,0,0,GAB,GAB_2012_1,22,25.382142857142856,87.60714285714286
1/28/2012,Ghana,Mali,2,0,African Cup of Nations,GHA,MLI,2012,1,28,30,25,4,0,0,0,GAB,GAB_2012_1,22,25.382142857142856,87.60714285714286
1/29/2012,Equatorial Guinea,Zambia,0,1,African Cup of Nations,EQG,ZAM,2012,1,29,79,34,0,1,1,0,GAB,GAB_2012_1,22,25.382142857142856,87.60714285714286
1/29/2012,Libya,Senegal,2,1,African Cup of Nations,LBY,SEN,2012,1,29,54,77,0,1,0,0,GAB,GAB_2012_1,22,25.382142857142856,87.60714285714286
1/30/2012,Ivory Coast,Angola,2,0,African Cup of Nations,CIV,ANG,2012,1,30,14,84,3,0,0,0,GAB,GAB_2012_1,22,25.382142857142856,87.60714285714286
1/30/2012,Sudan,Burkina Faso,2,1,African Cup of Nations,SDN,BFA,2012,1,30,101,89,1,0,0,0,GAB,GAB_2012_1,22,25.382142857142856,87.60714285714286
1/31/2012,Gabon,Tunisia,1,0,African Cup of Nations,GAB,TUN,2012,1,31,42,45,0,1,1,0,GAB,GAB_2012_1,22,25.382142857142856,87.60714285714286
1/31/2012,Niger,Morocco,0,1,African Cup of Nations,NIG,MAR,2012,1,31,105,74,0,1,0,0,GAB,GAB_2012_1,22,25.382142857142856,87.60714285714286
2/1/2012,Botswana,Mali,1,2,African Cup of Nations,BOT,MLI,2012,2,1,121,25,0,0,0,0,GAB,GAB_2012_2,10,25.53928571428571,88.10714285714286
2/1/2012,Ghana,Guinea,1,1,African Cup of Nations,GHA,GUI,2012,2,1,30,60,4,0,0,0,GAB,GAB_2012_2,10,25.53928571428571,88.10714285714286
2/4/2012,Equatorial Guinea,Ivory Coast,0,3,African Cup of Nations,EQG,CIV,2012,2,4,79,14,0,3,1,0,GAB,GAB_2012_2,10,25.53928571428571,88.10714285714286
2/4/2012,Zambia,Sudan,3,0,African Cup of Nations,ZAM,SDN,2012,2,4,34,101,1,1,0,0,GAB,GAB_2012_2,10,25.53928571428571,88.10714285714286
2/5/2012,Gabon,Mali,1,1,African Cup of Nations,GAB,MLI,2012,2,5,42,25,0,0,1,0,GAB,GAB_2012_2,10,25.53928571428571,88.10714285714286
2/5/2012,Ghana,Tunisia,2,1,African Cup of Nations,GHA,TUN,2012,2,5,30,45,4,1,0,0,GAB,GAB_2012_2,10,25.53928571428571,88.10714285714286
2/8/2012,Mali,Ivory Coast,0,1,African Cup of Nations,MLI,CIV,2012,2,8,25,14,0,3,0,0,GAB,GAB_2012_2,10,25.53928571428571,88.10714285714286
2/8/2012,Zambia,Ghana,1,0,African Cup of Nations,ZAM,GHA,2012,2,8,34,30,1,4,0,0,GAB,GAB_2012_2,10,25.53928571428571,88.10714285714286
2/11/2012,Ghana,Mali,0,2,African Cup of Nations,GHA,MLI,2012,2,11,30,25,4,0,0,0,GAB,GAB_2012_2,10,25.53928571428571,88.10714285714286
2/12/2012,Zambia,Ivory Coast,0,0,African Cup of Nations,ZAM,CIV,2012,2,12,34,14,1,3,0,0,GAB,GAB_2012_2,10,25.53928571428571,88.10714285714286
1/19/2013,Angola,Morocco,0,0,African Cup of Nations,ANG,MAR,2013,1,19,88,73,0,1,0,0,RSA,RSA_2013_1,24,22.33928571428571,63.142857142857146
1/19/2013,South Africa,Cape Verde,0,0,African Cup of Nations,RSA,CPV,2013,1,19,62,39,1,0,1,0,RSA,RSA_2013_1,24,22.33928571428571,63.142857142857146
1/20/2013,Ghana,DR Congo,2,2,African Cup of Nations,GHA,COD,2013,1,20,24,82,4,2,0,0,RSA,RSA_2013_1,24,22.33928571428571,63.142857142857146
1/20/2013,Mali,Niger,1,0,African Cup of Nations,MLI,NIG,2013,1,20,45,104,0,0,0,0,RSA,RSA_2013_1,24,22.33928571428571,63.142857142857146
1/21/2013,Nigeria,Burkina Faso,1,1,African Cup of Nations,NGA,BFA,2013,1,21,37,53,3,0,0,0,RSA,RSA_2013_1,24,22.33928571428571,63.142857142857146
1/21/2013,Zambia,Ethiopia,1,1,African Cup of Nations,ZAM,ETH,2013,1,21,69,93,1,1,0,0,RSA,RSA_2013_1,24,22.33928571428571,63.142857142857146
1/22/2013,Ivory Coast,Togo,2,1,African Cup of Nations,CIV,TOG,2013,1,22,17,72,3,0,0,0,RSA,RSA_2013_1,24,22.33928571428571,63.142857142857146
1/22/2013,Tunisia,Algeria,1,0,African Cup of Nations,TUN,ALG,2013,1,22,48,26,1,2,0,0,RSA,RSA_2013_1,24,22.33928571428571,63.142857142857146
1/23/2013,Morocco,Cape Verde,1,1,African Cup of Nations,MAR,CPV,2013,1,23,73,39,1,0,0,0,RSA,RSA_2013_1,24,22.33928571428571,63.142857142857146
1/23/2013,South Africa,Angola,2,0,African Cup of Nations,RSA,ANG,2013,1,23,62,88,1,0,1,0,RSA,RSA_2013_1,24,22.33928571428571,63.142857142857146
1/24/2013,Ghana,Mali,1,0,African Cup of Nations,GHA,MLI,2013,1,24,24,45,4,0,0,0,RSA,RSA_2013_1,24,22.33928571428571,63.142857142857146
1/24/2013,Niger,DR Congo,0,0,African Cup of Nations,NIG,COD,2013,1,24,104,82,0,2,0,0,RSA,RSA_2013_1,24,22.33928571428571,63.142857142857146
1/25/2013,Burkina Faso,Ethiopia,4,0,African Cup of Nations,BFA,ETH,2013,1,25,53,93,0,1,0,0,RSA,RSA_2013_1,24,22.33928571428571,63.142857142857146
1/25/2013,Zambia,Nigeria,1,1,African Cup of Nations,ZAM,NGA,2013,1,25,69,37,1,3,0,0,RSA,RSA_2013_1,24,22.33928571428571,63.142857142857146
1/26/2013,Algeria,Togo,0,2,African Cup of Nations,ALG,TOG,2013,1,26,26,72,2,0,0,0,RSA,RSA_2013_1,24,22.33928571428571,63.142857142857146
1/26/2013,Ivory Coast,Tunisia,3,0,African Cup of Nations,CIV,TUN,2013,1,26,17,48,3,1,0,0,RSA,RSA_2013_1,24,22.33928571428571,63.142857142857146
1/27/2013,Cape Verde,Angola,2,1,African Cup of Nations,CPV,ANG,2013,1,27,39,88,0,0,0,0,RSA,RSA_2013_1,24,22.33928571428571,63.142857142857146
1/27/2013,South Africa,Morocco,2,2,African Cup of Nations,RSA,MAR,2013,1,27,62,73,1,1,1,0,RSA,RSA_2013_1,24,22.33928571428571,63.142857142857146
1/28/2013,DR Congo,Mali,1,1,African Cup of Nations,COD,MLI,2013,1,28,82,45,2,0,0,0,RSA,RSA_2013_1,24,22.33928571428571,63.142857142857146
1/28/2013,Niger,Ghana,0,3,African Cup of Nations,NIG,GHA,2013,1,28,104,24,0,4,0,0,RSA,RSA_2013_1,24,22.33928571428571,63.142857142857146
1/29/2013,Burkina Faso,Zambia,0,0,African Cup of Nations,BFA,ZAM,2013,1,29,53,69,0,1,0,0,RSA,RSA_2013_1,24,22.33928571428571,63.142857142857146
1/29/2013,Ethiopia,Nigeria,0,2,African Cup of Nations,ETH,NGA,2013,1,29,93,37,1,3,0,0,RSA,RSA_2013_1,24,22.33928571428571,63.142857142857146
1/30/2013,Algeria,Ivory Coast,2,2,African Cup of Nations,ALG,CIV,2013,1,30,26,17,2,3,0,0,RSA,RSA_2013_1,24,22.33928571428571,63.142857142857146
1/30/2013,Togo,Tunisia,1,1,African Cup of Nations,TOG,TUN,2013,1,30,72,48,0,1,0,0,RSA,RSA_2013_1,24,22.33928571428571,63.142857142857146
2/2/2013,Ghana,Cape Verde,2,0,African Cup of Nations,GHA,CPV,2013,2,2,24,39,4,0,0,0,RSA,RSA_2013_2,8,23.503571428571426,53.035714285714285
2/2/2013,South Africa,Mali,1,1,African Cup of Nations,RSA,MLI,2013,2,2,62,45,1,0,1,0,RSA,RSA_2013_2,8,23.503571428571426,53.035714285714285
2/3/2013,Burkina Faso,Togo,1,0,African Cup of Nations,BFA,TOG,2013,2,3,53,72,0,0,0,0,RSA,RSA_2013_2,8,23.503571428571426,53.035714285714285
2/3/2013,Ivory Coast,Nigeria,1,2,African Cup of Nations,CIV,NGA,2013,2,3,17,37,3,3,0,0,RSA,RSA_2013_2,8,23.503571428571426,53.035714285714285
2/6/2013,Burkina Faso,Ghana,1,1,African Cup of Nations,BFA,GHA,2013,2,6,53,24,0,4,0,0,RSA,RSA_2013_2,8,23.503571428571426,53.035714285714285
2/6/2013,Mali,Nigeria,1,4,African Cup of Nations,MLI,NGA,2013,2,6,45,37,0,3,0,0,RSA,RSA_2013_2,8,23.503571428571426,53.035714285714285
2/9/2013,Mali,Ghana,3,1,African Cup of Nations,MLI,GHA,2013,2,9,45,24,0,4,0,0,RSA,RSA_2013_2,8,23.503571428571426,53.035714285714285
2/10/2013,Nigeria,Burkina Faso,1,0,African Cup of Nations,NGA,BFA,2013,2,10,37,53,3,0,0,0,RSA,RSA_2013_2,8,23.503571428571426,53.035714285714285
1/17/2015,Burkina Faso,Gabon,0,2,African Cup of Nations,BFA,GAB,2015,1,17,89,76,0,0,0,0,EQG,EQG_2015_1,26,26.785714285714285,83.35714285714286
1/17/2015,Equatorial Guinea,Congo,1,1,African Cup of Nations,EQG,CGO,2015,1,17,69,48,0,1,1,0,EQG,EQG_2015_1,26,26.785714285714285,83.35714285714286
1/18/2015,Tunisia,Cape Verde,1,1,African Cup of Nations,TUN,CPV,2015,1,18,40,39,1,0,0,0,EQG,EQG_2015_1,26,26.785714285714285,83.35714285714286
1/18/2015,Zambia,DR Congo,1,1,African Cup of Nations,ZAM,COD,2015,1,18,73,60,1,2,0,0,EQG,EQG_2015_1,26,26.785714285714285,83.35714285714286
1/19/2015,Algeria,South Africa,3,1,African Cup of Nations,ALG,RSA,2015,1,19,28,72,2,1,0,0,EQG,EQG_2015_1,26,26.785714285714285,83.35714285714286
1/19/2015,Ghana,Senegal,1,2,African Cup of Nations,GHA,SEN,2015,1,19,33,44,4,1,0,0,EQG,EQG_2015_1,26,26.785714285714285,83.35714285714286
1/20/2015,Ivory Coast,Guinea,1,1,African Cup of Nations,CIV,GUI,2015,1,20,19,50,3,0,0,0,EQG,EQG_2015_1,26,26.785714285714285,83.35714285714286
1/20/2015,Mali,Cameroon,1,1,African Cup of Nations,MLI,CMR,2015,1,20,62,59,0,5,0,0,EQG,EQG_2015_1,26,26.785714285714285,83.35714285714286
1/21/2015,Equatorial Guinea,Burkina Faso,0,0,African Cup of Nations,EQG,BFA,2015,1,21,69,89,0,0,1,0,EQG,EQG_2015_1,26,26.785714285714285,83.35714285714286
1/21/2015,Gabon,Congo,0,1,African Cup of Nations,GAB,CGO,2015,1,21,76,48,0,1,0,0,EQG,EQG_2015_1,26,26.785714285714285,83.35714285714286
1/22/2015,Cape Verde,DR Congo,0,0,African Cup of Nations,CPV,COD,2015,1,22,39,60,0,2,0,0,EQG,EQG_2015_1,26,26.785714285714285,83.35714285714286
1/22/2015,Zambia,Tunisia,1,2,African Cup of Nations,ZAM,TUN,2015,1,22,73,40,1,1,0,0,EQG,EQG_2015_1,26,26.785714285714285,83.35714285714286
1/23/2015,Ghana,Algeria,1,0,African Cup of Nations,GHA,ALG,2015,1,23,33,28,4,2,0,0,EQG,EQG_2015_1,26,26.785714285714285,83.35714285714286
1/23/2015,South Africa,Senegal,1,1,African Cup of Nations,RSA,SEN,2015,1,23,72,44,1,1,0,0,EQG,EQG_2015_1,26,26.785714285714285,83.35714285714286
1/24/2015,Cameroon,Guinea,1,1,African Cup of Nations,CMR,GUI,2015,1,24,59,50,5,0,0,0,EQG,EQG_2015_1,26,26.785714285714285,83.35714285714286
1/24/2015,Ivory Coast,Mali,1,1,African Cup of Nations,CIV,MLI,2015,1,24,19,62,3,0,0,0,EQG,EQG_2015_1,26,26.785714285714285,83.35714285714286
1/25/2015,Congo,Burkina Faso,2,1,African Cup of Nations,CGO,BFA,2015,1,25,48,89,1,0,0,0,EQG,EQG_2015_1,26,26.785714285714285,83.35714285714286
1/25/2015,Equatorial Guinea,Gabon,2,0,African Cup of Nations,EQG,GAB,2015,1,25,69,76,0,0,1,0,EQG,EQG_2015_1,26,26.785714285714285,83.35714285714286
1/26/2015,Cape Verde,Zambia,0,0,African Cup of Nations,CPV,ZAM,2015,1,26,39,73,0,1,0,0,EQG,EQG_2015_1,26,26.785714285714285,83.35714285714286
1/26/2015,DR Congo,Tunisia,1,1,African Cup of Nations,COD,TUN,2015,1,26,60,40,2,1,0,0,EQG,EQG_2015_1,26,26.785714285714285,83.35714285714286
1/27/2015,Senegal,Algeria,0,2,African Cup of Nations,SEN,ALG,2015,1,27,44,28,1,2,0,0,EQG,EQG_2015_1,26,26.785714285714285,83.35714285714286
1/27/2015,South Africa,Ghana,1,2,African Cup of Nations,RSA,GHA,2015,1,27,72,33,1,4,0,0,EQG,EQG_2015_1,26,26.785714285714285,83.35714285714286
1/28/2015,Cameroon,Ivory Coast,0,1,African Cup of Nations,CMR,CIV,2015,1,28,59,19,5,3,0,0,EQG,EQG_2015_1,26,26.785714285714285,83.35714285714286
1/28/2015,Guinea,Mali,1,1,African Cup of Nations,GUI,MLI,2015,1,28,50,62,0,0,0,0,EQG,EQG_2015_1,26,26.785714285714285,83.35714285714286
1/31/2015,Congo,DR Congo,2,4,African Cup of Nations,CGO,COD,2015,1,31,48,60,1,2,0,0,EQG,EQG_2015_1,26,26.785714285714285,83.35714285714286
1/31/2015,Equatorial Guinea,Tunisia,2,1,African Cup of Nations,EQG,TUN,2015,1,31,69,40,0,1,1,0,EQG,EQG_2015_1,26,26.785714285714285,83.35714285714286
2/1/2015,Ghana,Guinea,3,0,African Cup of Nations,GHA,GUI,2015,2,1,33,50,4,0,0,0,EQG,EQG_2015_2,6,27.35714285714286,85.35714285714286
2/1/2015,Ivory Coast,Algeria,3,1,African Cup of Nations,CIV,ALG,2015,2,1,19,28,3,2,0,0,EQG,EQG_2015_2,6,27.35714285714286,85.35714285714286
2/4/2015,DR Congo,Ivory Coast,1,3,African Cup of Nations,COD,CIV,2015,2,4,60,19,2,3,0,0,EQG,EQG_2015_2,6,27.35714285714286,85.35714285714286
2/5/2015,Equatorial Guinea,Ghana,0,3,African Cup of Nations,EQG,GHA,2015,2,5,69,33,0,4,1,0,EQG,EQG_2015_2,6,27.35714285714286,85.35714285714286
2/7/2015,Equatorial Guinea,DR Congo,0,0,African Cup of Nations,EQG,COD,2015,2,7,69,60,0,2,1,0,EQG,EQG_2015_2,6,27.35714285714286,85.35714285714286
2/8/2015,Ivory Coast,Ghana,0,0,African Cup of Nations,CIV,GHA,2015,2,8,19,33,3,4,0,0,EQG,EQG_2015_2,6,27.35714285714286,85.35714285714286
1/14/2017,Burkina Faso,Cameroon,1,1,African Cup of Nations,BFA,CMR,2017,1,14,44,45,0,5,0,0,GAB,GAB_2017_1,28,26.07857142857143,87.75
1/14/2017,Gabon,Guinea-Bissau,1,1,African Cup of Nations,GAB,GNB,2017,1,14,93,86,0,0,1,0,GAB,GAB_2017_1,28,26.07857142857143,87.75
1/15/2017,Algeria,Zimbabwe,2,2,African Cup of Nations,ALG,ZIM,2017,1,15,58,103,2,0,0,0,GAB,GAB_2017_1,28,26.07857142857143,87.75
1/15/2017,Tunisia,Senegal,0,2,African Cup of Nations,TUN,SEN,2017,1,15,27,23,1,1,0,0,GAB,GAB_2017_1,28,26.07857142857143,87.75
1/16/2017,DR Congo,Morocco,1,0,African Cup of Nations,COD,MAR,2017,1,16,39,40,2,1,0,0,GAB,GAB_2017_1,28,26.07857142857143,87.75
1/16/2017,Ivory Coast,Togo,0,0,African Cup of Nations,CIV,TOG,2017,1,16,61,122,3,0,0,0,GAB,GAB_2017_1,28,26.07857142857143,87.75
1/17/2017,Ghana,Uganda,1,0,African Cup of Nations,GHA,UGA,2017,1,17,50,75,4,0,0,0,GAB,GAB_2017_1,28,26.07857142857143,87.75
1/17/2017,Mali,Egypt,0,0,African Cup of Nations,MLI,EGY,2017,1,17,72,31,0,7,0,0,GAB,GAB_2017_1,28,26.07857142857143,87.75
1/18/2017,Cameroon,Guinea-Bissau,2,1,African Cup of Nations,CMR,GNB,2017,1,18,45,86,5,0,0,0,GAB,GAB_2017_1,28,26.07857142857143,87.75
1/18/2017,Gabon,Burkina Faso,1,1,African Cup of Nations,GAB,BFA,2017,1,18,93,44,0,0,1,0,GAB,GAB_2017_1,28,26.07857142857143,87.75
1/19/2017,Algeria,Tunisia,1,2,African Cup of Nations,ALG,TUN,2017,1,19,58,27,2,1,0,0,GAB,GAB_2017_1,28,26.07857142857143,87.75
1/19/2017,Senegal,Zimbabwe,2,0,African Cup of Nations,SEN,ZIM,2017,1,19,23,103,1,0,0,0,GAB,GAB_2017_1,28,26.07857142857143,87.75
1/20/2017,Ivory Coast,DR Congo,2,2,African Cup of Nations,CIV,COD,2017,1,20,61,39,3,2,0,0,GAB,GAB_2017_1,28,26.07857142857143,87.75
1/20/2017,Morocco,Togo,3,1,African Cup of Nations,MAR,TOG,2017,1,20,40,122,1,0,0,0,GAB,GAB_2017_1,28,26.07857142857143,87.75
1/21/2017,Egypt,Uganda,1,0,African Cup of Nations,EGY,UGA,2017,1,21,31,75,7,0,0,0,GAB,GAB_2017_1,28,26.07857142857143,87.75
1/21/2017,Ghana,Mali,1,0,African Cup of Nations,GHA,MLI,2017,1,21,50,72,4,0,0,0,GAB,GAB_2017_1,28,26.07857142857143,87.75
1/22/2017,Gabon,Cameroon,0,0,African Cup of Nations,GAB,CMR,2017,1,22,93,45,0,5,1,0,GAB,GAB_2017_1,28,26.07857142857143,87.75
1/22/2017,Guinea-Bissau,Burkina Faso,0,2,African Cup of Nations,GNB,BFA,2017,1,22,86,44,0,0,0,0,GAB,GAB_2017_1,28,26.07857142857143,87.75
1/23/2017,Senegal,Algeria,2,2,African Cup of Nations,SEN,ALG,2017,1,23,23,58,1,2,0,0,GAB,GAB_2017_1,28,26.07857142857143,87.75
1/23/2017,Zimbabwe,Tunisia,2,4,African Cup of Nations,ZIM,TUN,2017,1,23,103,27,0,1,0,0,GAB,GAB_2017_1,28,26.07857142857143,87.75
1/24/2017,Morocco,Ivory Coast,1,0,African Cup of Nations,MAR,CIV,2017,1,24,40,61,1,3,0,0,GAB,GAB_2017_1,28,26.07857142857143,87.75
1/24/2017,Togo,DR Congo,1,3,African Cup of Nations,TOG,COD,2017,1,24,122,39,0,2,0,0,GAB,GAB_2017_1,28,26.07857142857143,87.75
1/25/2017,Egypt,Ghana,1,0,African Cup of Nations,EGY,GHA,2017,1,25,31,50,7,4,0,0,GAB,GAB_2017_1,28,26.07857142857143,87.75
1/25/2017,Uganda,Mali,1,1,African Cup of Nations,UGA,MLI,2017,1,25,75,72,0,0,0,0,GAB,GAB_2017_1,28,26.07857142857143,87.75
1/28/2017,Burkina Faso,Tunisia,2,0,African Cup of Nations,BFA,TUN,2017,1,28,44,27,0,1,0,0,GAB,GAB_2017_1,28,26.07857142857143,87.75
1/28/2017,Senegal,Cameroon,0,0,African Cup of Nations,SEN,CMR,2017,1,28,23,45,1,5,0,0,GAB,GAB_2017_1,28,26.07857142857143,87.75
1/29/2017,DR Congo,Ghana,1,2,African Cup of Nations,COD,GHA,2017,1,29,39,50,2,4,0,0,GAB,GAB_2017_1,28,26.07857142857143,87.75
1/29/2017,Egypt,Morocco,1,0,African Cup of Nations,EGY,MAR,2017,1,29,31,40,7,1,0,0,GAB,GAB_2017_1,28,26.07857142857143,87.75
2/1/2017,Burkina Faso,Egypt,1,1,African Cup of Nations,BFA,EGY,2017,2,1,44,31,0,7,0,0,GAB,GAB_2017_2,4,26.482142857142858,86.75
2/2/2017,Cameroon,Ghana,2,0,African Cup of Nations,CMR,GHA,2017,2,2,45,50,5,4,0,0,GAB,GAB_2017_2,4,26.482142857142858,86.75
2/4/2017,Burkina Faso,Ghana,1,0,African Cup of Nations,BFA,GHA,2017,2,4,44,50,0,4,0,0,GAB,GAB_2017_2,4,26.482142857142858,86.75
2/5/2017,Egypt,Cameroon,1,2,African Cup of Nations,EGY,CMR,2017,2,5,31,45,7,5,0,0,GAB,GAB_2017_2,4,26.482142857142858,86.75
6/21/2019,Egypt,Zimbabwe,1,0,African Cup of Nations,EGY,ZIM,2019,6,21,51,111,7,0,1,0,EGY,EGY_2019_6,28,29.803571428571423,43.964285714285715
6/22/2019,DR Congo,Uganda,0,2,African Cup of Nations,COD,UGA,2019,6,22,56,77,2,0,0,0,EGY,EGY_2019_6,28,29.803571428571423,43.964285714285715
6/22/2019,Nigeria,Burundi,1,0,African Cup of Nations,NGA,BDI,2019,6,22,31,151,3,0,0,0,EGY,EGY_2019_6,28,29.803571428571423,43.964285714285715
6/22/2019,Guinea,Madagascar,2,2,African Cup of Nations,GUI,MAD,2019,6,22,74,91,0,0,0,0,EGY,EGY_2019_6,28,29.803571428571423,43.964285714285715
6/23/2019,Senegal,Tanzania,2,0,African Cup of Nations,SEN,TAN,2019,6,23,20,134,1,0,0,0,EGY,EGY_2019_6,28,29.803571428571423,43.964285714285715
6/23/2019,Algeria,Kenya,2,0,African Cup of Nations,ALG,KEN,2019,6,23,35,106,2,0,0,0,EGY,EGY_2019_6,28,29.803571428571423,43.964285714285715
6/23/2019,Morocco,Namibia,1,0,African Cup of Nations,MAR,NAM,2019,6,23,43,117,1,0,0,0,EGY,EGY_2019_6,28,29.803571428571423,43.964285714285715
6/24/2019,Ivory Coast,South Africa,1,0,African Cup of Nations,CIV,RSA,2019,6,24,61,71,3,1,0,0,EGY,EGY_2019_6,28,29.803571428571423,43.964285714285715
6/24/2019,Tunisia,Angola,1,1,African Cup of Nations,TUN,ANG,2019,6,24,27,124,1,0,0,0,EGY,EGY_2019_6,28,29.803571428571423,43.964285714285715
6/24/2019,Mali,Mauritania,4,1,African Cup of Nations,MLI,MTN,2019,6,24,56,100,0,0,0,0,EGY,EGY_2019_6,28,29.803571428571423,43.964285714285715
6/25/2019,Cameroon,Guinea-Bissau,2,0,African Cup of Nations,CMR,GNB,2019,6,25,53,118,5,0,0,0,EGY,EGY_2019_6,28,29.803571428571423,43.964285714285715
6/25/2019,Ghana,Benin,2,2,African Cup of Nations,GHA,BEN,2019,6,25,47,84,4,0,0,0,EGY,EGY_2019_6,28,29.803571428571423,43.964285714285715
6/26/2019,Uganda,Zimbabwe,1,1,African Cup of Nations,UGA,ZIM,2019,6,26,77,111,0,0,0,0,EGY,EGY_2019_6,28,29.803571428571423,43.964285714285715
6/26/2019,Egypt,DR Congo,2,0,African Cup of Nations,EGY,COD,2019,6,26,51,56,7,2,1,0,EGY,EGY_2019_6,28,29.803571428571423,43.964285714285715
6/26/2019,Nigeria,Guinea,1,0,African Cup of Nations,NGA,GUI,2019,6,26,31,74,3,0,0,0,EGY,EGY_2019_6,28,29.803571428571423,43.964285714285715
6/27/2019,Madagascar,Burundi,1,0,African Cup of Nations,MAD,BDI,2019,6,27,91,151,0,0,0,0,EGY,EGY_2019_6,28,29.803571428571423,43.964285714285715
6/27/2019,Senegal,Algeria,0,1,African Cup of Nations,SEN,ALG,2019,6,27,20,35,1,2,0,0,EGY,EGY_2019_6,28,29.803571428571423,43.964285714285715
6/27/2019,Kenya,Tanzania,3,2,African Cup of Nations,KEN,TAN,2019,6,27,106,134,0,0,0,0,EGY,EGY_2019_6,28,29.803571428571423,43.964285714285715
6/28/2019,Morocco,Ivory Coast,1,0,African Cup of Nations,MAR,CIV,2019,6,28,43,61,1,3,0,0,EGY,EGY_2019_6,28,29.803571428571423,43.964285714285715
6/28/2019,South Africa,Namibia,1,0,African Cup of Nations,RSA,NAM,2019,6,28,71,117,1,0,0,0,EGY,EGY_2019_6,28,29.803571428571423,43.964285714285715
6/28/2019,Tunisia,Mali,1,1,African Cup of Nations,TUN,MLI,2019,6,28,27,56,1,0,0,0,EGY,EGY_2019_6,28,29.803571428571423,43.964285714285715
6/29/2019,Mauritania,Angola,0,0,African Cup of Nations,MTN,ANG,2019,6,29,100,124,0,0,0,0,EGY,EGY_2019_6,28,29.803571428571423,43.964285714285715
6/29/2019,Cameroon,Ghana,0,0,African Cup of Nations,CMR,GHA,2019,6,29,53,47,5,4,0,0,EGY,EGY_2019_6,28,29.803571428571423,43.964285714285715
6/29/2019,Benin,Guinea-Bissau,0,0,African Cup of Nations,BEN,GNB,2019,6,29,84,118,0,0,0,0,EGY,EGY_2019_6,28,29.803571428571423,43.964285714285715
6/30/2019,Egypt,Uganda,2,0,African Cup of Nations,EGY,UGA,2019,6,30,51,77,7,0,1,0,EGY,EGY_2019_6,28,29.803571428571423,43.964285714285715
6/30/2019,Zimbabwe,DR Congo,0,4,African Cup of Nations,ZIM,COD,2019,6,30,111,56,0,2,0,0,EGY,EGY_2019_6,28,29.803571428571423,43.964285714285715
6/30/2019,Burundi,Guinea,0,2,African Cup of Nations,BDI,GUI,2019,6,30,151,74,0,0,0,0,EGY,EGY_2019_6,28,29.803571428571423,43.964285714285715
6/30/2019,Madagascar,Nigeria,2,0,African Cup of Nations,MAD,NGA,2019,6,30,91,31,0,3,0,0,EGY,EGY_2019_6,28,29.803571428571423,43.964285714285715
7/1/2019,Kenya,Senegal,0,3,African Cup of Nations,KEN,SEN,2019,7,1,106,20,0,1,0,0,EGY,EGY_2019_7,24,31.010714285714283,44.107142857142854
7/1/2019,Tanzania,Algeria,0,3,African Cup of Nations,TAN,ALG,2019,7,1,134,35,0,2,0,0,EGY,EGY_2019_7,24,31.010714285714283,44.107142857142854
7/1/2019,Namibia,Ivory Coast,1,4,African Cup of Nations,NAM,CIV,2019,7,1,117,61,0,3,0,0,EGY,EGY_2019_7,24,31.010714285714283,44.107142857142854
7/1/2019,South Africa,Morocco,0,1,African Cup of Nations,RSA,MAR,2019,7,1,71,43,1,1,0,0,EGY,EGY_2019_7,24,31.010714285714283,44.107142857142854
7/2/2019,Angola,Mali,0,1,African Cup of Nations,ANG,MLI,2019,7,2,124,56,0,0,0,0,EGY,EGY_2019_7,24,31.010714285714283,44.107142857142854
7/2/2019,Mauritania,Tunisia,0,0,African Cup of Nations,MTN,TUN,2019,7,2,100,27,0,1,0,0,EGY,EGY_2019_7,24,31.010714285714283,44.107142857142854
7/2/2019,Benin,Cameroon,0,0,African Cup of Nations,BEN,CMR,2019,7,2,84,53,0,5,0,0,EGY,EGY_2019_7,24,31.010714285714283,44.107142857142854
7/2/2019,Guinea-Bissau,Ghana,0,2,African Cup of Nations,GNB,GHA,2019,7,2,118,47,0,4,0,0,EGY,EGY_2019_7,24,31.010714285714283,44.107142857142854
7/5/2019,Morocco,Benin,1,1,African Cup of Nations,MAR,BEN,2019,7,5,43,84,1,0,0,0,EGY,EGY_2019_7,24,31.010714285714283,44.107142857142854
7/5/2019,Uganda,Senegal,0,1,African Cup of Nations,UGA,SEN,2019,7,5,77,20,0,1,0,0,EGY,EGY_2019_7,24,31.010714285714283,44.107142857142854
7/6/2019,Egypt,South Africa,0,1,African Cup of Nations,EGY,RSA,2019,7,6,51,71,7,1,1,0,EGY,EGY_2019_7,24,31.010714285714283,44.107142857142854
7/6/2019,Nigeria,Cameroon,3,2,African Cup of Nations,NGA,CMR,2019,7,6,31,53,3,5,0,0,EGY,EGY_2019_7,24,31.010714285714283,44.107142857142854
7/7/2019,Algeria,Guinea,3,0,African Cup of Nations,ALG,GUI,2019,7,7,35,74,2,0,0,0,EGY,EGY_2019_7,24,31.010714285714283,44.107142857142854
7/7/2019,Madagascar,DR Congo,2,2,African Cup of Nations,MAD,COD,2019,7,7,91,56,0,2,0,0,EGY,EGY_2019_7,24,31.010714285714283,44.107142857142854
7/8/2019,Ghana,Tunisia,1,1,African Cup of Nations,GHA,TUN,2019,7,8,47,27,4,1,0,0,EGY,EGY_2019_7,24,31.010714285714283,44.107142857142854
7/8/2019,Mali,Ivory Coast,0,1,African Cup of Nations,MLI,CIV,2019,7,8,56,61,0,3,0,0,EGY,EGY_2019_7,24,31.010714285714283,44.107142857142854
7/10/2019,Nigeria,South Africa,2,1,African Cup of Nations,NGA,RSA,2019,7,10,31,71,3,1,0,0,EGY,EGY_2019_7,24,31.010714285714283,44.107142857142854
7/10/2019,Senegal,Benin,1,0,African Cup of Nations,SEN,BEN,2019,7,10,20,84,1,0,0,0,EGY,EGY_2019_7,24,31.010714285714283,44.107142857142854
7/11/2019,Ivory Coast,Algeria,1,1,African Cup of Nations,CIV,ALG,2019,7,11,61,35,3,2,0,0,EGY,EGY_2019_7,24,31.010714285714283,44.107142857142854
7/11/2019,Madagascar,Tunisia,0,3,African Cup of Nations,MAD,TUN,2019,7,11,91,27,0,1,0,0,EGY,EGY_2019_7,24,31.010714285714283,44.107142857142854
7/14/2019,Algeria,Nigeria,2,1,African Cup of Nations,ALG,NGA,2019,7,14,35,31,2,3,0,0,EGY,EGY_2019_7,24,31.010714285714283,44.107142857142854
7/14/2019,Senegal,Tunisia,1,0,African Cup of Nations,SEN,TUN,2019,7,14,20,27,1,1,0,0,EGY,EGY_2019_7,24,31.010714285714283,44.107142857142854
7/17/2019,Tunisia,Nigeria,0,1,African Cup of Nations,TUN,NGA,2019,7,17,27,31,1,3,0,0,EGY,EGY_2019_7,24,31.010714285714283,44.107142857142854
7/19/2019,Senegal,Algeria,0,1,African Cup of Nations,SEN,ALG,2019,7,19,20,35,1,2,0,0,EGY,EGY_2019_7,24,31.010714285714283,44.107142857142854
1/9/2022,Cameroon,Burkina Faso,2,1,African Cup of Nations,CMR,BFA,2022,1,9,33,50,5,0,1,0,CMR,CMR_2022_1,48,24.435714285714283,70.85714285714286
1/9/2022,Ethiopia,Cape Verde,0,1,African Cup of Nations,ETH,CPV,2022,1,9,138,72,1,0,0,0,CMR,CMR_2022_1,48,24.435714285714283,70.85714285714286
1/10/2022,Senegal,Zimbabwe,1,0,African Cup of Nations,SEN,ZIM,2022,1,10,19,125,1,0,0,0,CMR,CMR_2022_1,48,24.435714285714283,70.85714285714286
1/10/2022,Guinea,Malawi,1,0,African Cup of Nations,GUI,MWI,2022,1,10,83,124,0,0,0,0,CMR,CMR_2022_1,48,24.435714285714283,70.85714285714286
1/10/2022,Morocco,Ghana,1,0,African Cup of Nations,MAR,GHA,2022,1,10,11,58,1,4,0,0,CMR,CMR_2022_1,48,24.435714285714283,70.85714285714286
1/10/2022,Comoros,Gabon,0,1,African Cup of Nations,COM,GAB,2022,1,10,129,79,0,0,0,0,CMR,CMR_2022_1,48,24.435714285714283,70.85714285714286
1/11/2022,Nigeria,Egypt,1,0,African Cup of Nations,NGA,EGY,2022,1,11,35,39,3,7,0,0,CMR,CMR_2022_1,48,24.435714285714283,70.85714285714286
1/11/2022,Sudan,Guinea-Bissau,0,0,African Cup of Nations,SDN,GNB,2022,1,11,128,118,1,0,0,0,CMR,CMR_2022_1,48,24.435714285714283,70.85714285714286
1/11/2022,Algeria,Sierra Leone,0,0,African Cup of Nations,ALG,SLE,2022,1,11,40,116,2,0,0,0,CMR,CMR_2022_1,48,24.435714285714283,70.85714285714286
1/12/2022,Equatorial Guinea,Ivory Coast,0,1,African Cup of Nations,EQG,CIV,2022,1,12,98,47,0,3,0,0,CMR,CMR_2022_1,48,24.435714285714283,70.85714285714286
1/12/2022,Tunisia,Mali,0,1,African Cup of Nations,TUN,MLI,2022,1,12,30,45,1,0,0,0,CMR,CMR_2022_1,48,24.435714285714283,70.85714285714286
1/12/2022,Mauritania,Gambia,0,1,African Cup of Nations,MTN,GAM,2022,1,12,103,126,0,0,0,0,CMR,CMR_2022_1,48,24.435714285714283,70.85714285714286
1/13/2022,Cameroon,Ethiopia,4,1,African Cup of Nations,CMR,ETH,2022,1,13,33,138,5,1,1,0,CMR,CMR_2022_1,48,24.435714285714283,70.85714285714286
1/13/2022,Cape Verde,Burkina Faso,0,1,African Cup of Nations,CPV,BFA,2022,1,13,72,50,0,0,0,0,CMR,CMR_2022_1,48,24.435714285714283,70.85714285714286
1/14/2022,Senegal,Guinea,0,0,African Cup of Nations,SEN,GUI,2022,1,14,19,83,1,0,0,0,CMR,CMR_2022_1,48,24.435714285714283,70.85714285714286
1/14/2022,Malawi,Zimbabwe,2,1,African Cup of Nations,MWI,ZIM,2022,1,14,124,125,0,0,0,0,CMR,CMR_2022_1,48,24.435714285714283,70.85714285714286
1/14/2022,Morocco,Comoros,2,0,African Cup of Nations,MAR,COM,2022,1,14,11,129,1,0,0,0,CMR,CMR_2022_1,48,24.435714285714283,70.85714285714286
1/14/2022,Gabon,Ghana,1,1,African Cup of Nations,GAB,GHA,2022,1,14,79,58,0,4,0,0,CMR,CMR_2022_1,48,24.435714285714283,70.85714285714286
1/15/2022,Nigeria,Sudan,3,1,African Cup of Nations,NGA,SDN,2022,1,15,35,128,3,1,0,0,CMR,CMR_2022_1,48,24.435714285714283,70.85714285714286
1/15/2022,Guinea-Bissau,Egypt,0,1,African Cup of Nations,GNB,EGY,2022,1,15,118,39,0,7,0,0,CMR,CMR_2022_1,48,24.435714285714283,70.85714285714286
1/16/2022,Ivory Coast,Sierra Leone,2,2,African Cup of Nations,CIV,SLE,2022,1,16,47,116,3,0,0,0,CMR,CMR_2022_1,48,24.435714285714283,70.85714285714286
1/16/2022,Algeria,Equatorial Guinea,0,1,African Cup of Nations,ALG,EQG,2022,1,16,40,98,2,0,0,0,CMR,CMR_2022_1,48,24.435714285714283,70.85714285714286
1/16/2022,Gambia,Mali,1,1,African Cup of Nations,GAM,MLI,2022,1,16,126,45,0,0,0,0,CMR,CMR_2022_1,48,24.435714285714283,70.85714285714286
1/16/2022,Tunisia,Mauritania,4,0,African Cup of Nations,TUN,MTN,2022,1,16,30,103,1,0,0,0,CMR,CMR_2022_1,48,24.435714285714283,70.85714285714286
1/17/2022,Burkina Faso,Ethiopia,1,1,African Cup of Nations,BFA,ETH,2022,1,17,50,138,0,1,0,0,CMR,CMR_2022_1,48,24.435714285714283,70.85714285714286
1/17/2022,Cameroon,Cape Verde,1,1,African Cup of Nations,CMR,CPV,2022,1,17,33,72,5,0,1,0,CMR,CMR_2022_1,48,24.435714285714283,70.85714285714286
1/18/2022,Malawi,Senegal,0,0,African Cup of Nations,MWI,SEN,2022,1,18,124,19,0,1,0,0,CMR,CMR_2022_1,48,24.435714285714283,70.85714285714286
1/18/2022,Zimbabwe,Guinea,2,1,African Cup of Nations,ZIM,GUI,2022,1,18,125,83,0,0,0,0,CMR,CMR_2022_1,48,24.435714285714283,70.85714285714286
1/18/2022,Gabon,Morocco,2,2,African Cup of Nations,GAB,MAR,2022,1,18,79,11,0,1,0,0,CMR,CMR_2022_1,48,24.435714285714283,70.85714285714286
1/18/2022,Ghana,Comoros,2,3,African Cup of Nations,GHA,COM,2022,1,18,58,129,4,0,0,0,CMR,CMR_2022_1,48,24.435714285714283,70.85714285714286
1/19/2022,Egypt,Sudan,1,0,African Cup of Nations,EGY,SDN,2022,1,19,39,128,7,1,0,0,CMR,CMR_2022_1,48,24.435714285714283,70.85714285714286
1/19/2022,Guinea-Bissau,Nigeria,0,2,African Cup of Nations,GNB,NGA,2022,1,19,118,35,0,3,0,0,CMR,CMR_2022_1,48,24.435714285714283,70.85714285714286
1/20/2022,Ivory Coast,Algeria,3,1,African Cup of Nations,CIV,ALG,2022,1,20,47,40,3,2,0,0,CMR,CMR_2022_1,48,24.435714285714283,70.85714285714286
1/20/2022,Sierra Leone,Equatorial Guinea,0,1,African Cup of Nations,SLE,EQG,2022,1,20,116,98,0,0,0,0,CMR,CMR_2022_1,48,24.435714285714283,70.85714285714286
1/20/2022,Gambia,Tunisia,1,0,African Cup of Nations,GAM,TUN,2022,1,20,126,30,0,1,0,0,CMR,CMR_2022_1,48,24.435714285714283,70.85714285714286
1/20/2022,Mali,Mauritania,2,0,African Cup of Nations,MLI,MTN,2022,1,20,45,103,0,0,0,0,CMR,CMR_2022_1,48,24.435714285714283,70.85714285714286
1/23/2022,Burkina Faso,Gabon,1,1,African Cup of Nations,BFA,GAB,2022,1,23,50,79,0,0,0,0,CMR,CMR_2022_1,48,24.435714285714283,70.85714285714286
1/23/2022,Nigeria,Tunisia,0,1,African Cup of Nations,NGA,TUN,2022,1,23,35,30,3,1,0,0,CMR,CMR_2022_1,48,24.435714285714283,70.85714285714286
1/24/2022,Cameroon,Comoros,2,1,African Cup of Nations,CMR,COM,2022,1,24,33,129,5,0,1,0,CMR,CMR_2022_1,48,24.435714285714283,70.85714285714286
1/24/2022,Guinea,Gambia,0,1,African Cup of Nations,GUI,GAM,2022,1,24,83,126,0,0,0,0,CMR,CMR_2022_1,48,24.435714285714283,70.85714285714286
1/25/2022,Morocco,Malawi,2,1,African Cup of Nations,MAR,MWI,2022,1,25,11,124,1,0,0,0,CMR,CMR_2022_1,48,24.435714285714283,70.85714285714286
1/25/2022,Senegal,Cape Verde,2,0,African Cup of Nations,SEN,CPV,2022,1,25,19,72,1,0,0,0,CMR,CMR_2022_1,48,24.435714285714283,70.85714285714286
1/26/2022,Ivory Coast,Egypt,0,0,African Cup of Nations,CIV,EGY,2022,1,26,47,39,3,7,0,0,CMR,CMR_2022_1,48,24.435714285714283,70.85714285714286
1/26/2022,Mali,Equatorial Guinea,0,0,African Cup of Nations,MLI,EQG,2022,1,26,45,98,0,0,0,0,CMR,CMR_2022_1,48,24.435714285714283,70.85714285714286
1/29/2022,Burkina Faso,Tunisia,1,0,African Cup of Nations,BFA,TUN,2022,1,29,50,30,0,1,0,0,CMR,CMR_2022_1,48,24.435714285714283,70.85714285714286
1/29/2022,Cameroon,Gambia,2,0,African Cup of Nations,CMR,GAM,2022,1,29,33,126,5,0,1,0,CMR,CMR_2022_1,48,24.435714285714283,70.85714285714286
1/30/2022,Egypt,Morocco,2,1,African Cup of Nations,EGY,MAR,2022,1,30,39,11,7,1,0,0,CMR,CMR_2022_1,48,24.435714285714283,70.85714285714286
1/30/2022,Senegal,Equatorial Guinea,3,1,African Cup of Nations,SEN,EQG,2022,1,30,19,98,1,0,0,0,CMR,CMR_2022_1,48,24.435714285714283,70.85714285714286
2/2/2022,Burkina Faso,Senegal,1,3,African Cup of Nations,BFA,SEN,2022,2,2,50,19,0,1,0,0,CMR,CMR_2022_2,4,25.19285714285714,68.71428571428571
2/3/2022,Cameroon,Egypt,0,0,African Cup of Nations,CMR,EGY,2022,2,3,33,39,5,7,1,0,CMR,CMR_2022_2,4,25.19285714285714,68.71428571428571
2/5/2022,Cameroon,Burkina Faso,3,3,African Cup of Nations,CMR,BFA,2022,2,5,33,50,5,0,1,0,CMR,CMR_2022_2,4,25.19285714285714,68.71428571428571
2/6/2022,Senegal,Egypt,0,0,African Cup of Nations,SEN,EGY,2022,2,6,19,39,1,7,0,0,CMR,CMR_2022_2,4,25.19285714285714,68.71428571428571
2024-02-11,Nigeria,Côte d'Ivoire,1,2,African Cup of Nations,NGA,CIV,2024,2,11,44,46,3,3,0,1,CIV,CIV_2024_2,8,28.557142857142857,58.892857142857146
2024-02-10,South Africa,Congo DR,0,0,African Cup of Nations,RSA,COD,2024,2,10,57,61,1,2,0,0,CIV,CIV_2024_2,8,28.557142857142857,58.892857142857146
2024-02-07,Côte d'Ivoire,Congo DR,1,0,African Cup of Nations,CIV,COD,2024,2,7,46,61,3,2,1,0,CIV,CIV_2024_2,8,28.557142857142857,58.892857142857146
2024-02-07,Nigeria,South Africa,1,1,African Cup of Nations,NGA,RSA,2024,2,7,44,57,3,1,0,0,CIV,CIV_2024_2,8,28.557142857142857,58.892857142857146
2024-01-29,Senegal,Côte d'Ivoire,1,1,African Cup of Nations,SEN,CIV,2024,1,29,17,46,1,3,0,1,CIV,CIV_2024_1,44,27.060714285714283,67.60714285714286
2024-01-28,Equatorial Guinea,Guinea,0,1,African Cup of Nations,EQG,GUI,2024,1,28,93,78,0,0,0,0,CIV,CIV_2024_1,44,27.060714285714283,67.60714285714286
2024-02-03,Mali,Côte d'Ivoire,1,2,African Cup of Nations,MLI,CIV,2024,2,3,51,46,0,3,0,1,CIV,CIV_2024_2,8,28.557142857142857,58.892857142857146
2024-02-03,Cape Verde Islands,South Africa,0,0,African Cup of Nations,CPV,RSA,2024,2,3,72,57,0,1,0,0,CIV,CIV_2024_2,8,28.557142857142857,58.892857142857146
2024-01-30,Mali,Burkina Faso,2,1,African Cup of Nations,MLI,BFA,2024,1,30,51,66,0,0,0,0,CIV,CIV_2024_1,44,27.060714285714283,67.60714285714286
2024-02-02,Congo DR,Guinea,3,1,African Cup of Nations,COD,GUI,2024,2,2,61,78,2,0,0,0,CIV,CIV_2024_2,8,28.557142857142857,58.892857142857146
2024-02-02,Nigeria,Angola,1,0,African Cup of Nations,NGA,ANG,2024,2,2,44,85,3,0,0,0,CIV,CIV_2024_2,8,28.557142857142857,58.892857142857146
2024-01-27,Angola,Namibia,3,0,African Cup of Nations,ANG,NAM,2024,1,27,85,111,0,0,0,0,CIV,CIV_2024_1,44,27.060714285714283,67.60714285714286
2024-01-30,Morocco,South Africa,0,2,African Cup of Nations,MAR,RSA,2024,1,30,14,57,1,1,0,0,CIV,CIV_2024_1,44,27.060714285714283,67.60714285714286
2024-01-29,Cape Verde Islands,Mauritania,1,0,African Cup of Nations,CPV,MTN,2024,1,29,72,109,0,0,0,0,CIV,CIV_2024_1,44,27.060714285714283,67.60714285714286
2024-01-28,Egypt,Congo DR,1,1,African Cup of Nations,EGY,COD,2024,1,28,33,61,7,2,0,0,CIV,CIV_2024_1,44,27.060714285714283,67.60714285714286
2024-01-27,Nigeria,Cameroon,2,0,African Cup of Nations,NGA,CMR,2024,1,27,44,49,3,5,0,0,CIV,CIV_2024_1,44,27.060714285714283,67.60714285714286
2024-01-18,Egypt,Ghana,2,2,African Cup of Nations,EGY,GHA,2024,1,18,33,77,7,4,0,0,CIV,CIV_2024_1,44,27.060714285714283,67.60714285714286
2024-01-14,Nigeria,Equatorial Guinea,1,1,African Cup of Nations,NGA,EQG,2024,1,14,44,93,3,0,0,0,CIV,CIV_2024_1,44,27.060714285714283,67.60714285714286
2024-01-14,Egypt,Mozambique,2,2,African Cup of Nations,EGY,MOZ,2024,1,14,33,96,7,0,0,0,CIV,CIV_2024_1,44,27.060714285714283,67.60714285714286
2024-01-14,Ghana,Cape Verde Islands,1,2,African Cup of Nations,GHA,CPV,2024,1,14,77,72,4,0,0,0,CIV,CIV_2024_1,44,27.060714285714283,67.60714285714286
2024-01-24,Zambia,Morocco,0,1,African Cup of Nations,ZAM,MAR,2024,1,24,87,14,1,1,0,0,CIV,CIV_2024_1,44,27.060714285714283,67.60714285714286
2024-01-24,Tanzania,Congo DR,0,0,African Cup of Nations,TAN,COD,2024,1,24,106,61,0,2,0,0,CIV,CIV_2024_1,44,27.060714285714283,67.60714285714286
2024-01-24,Namibia,Mali,0,0,African Cup of Nations,NAM,MLI,2024,1,24,111,51,0,0,0,0,CIV,CIV_2024_1,44,27.060714285714283,67.60714285714286
2024-01-24,South Africa,Tunisia,0,0,African Cup of Nations,RSA,TUN,2024,1,24,57,52,1,1,0,0,CIV,CIV_2024_1,44,27.060714285714283,67.60714285714286
2024-01-23,Mauritania,Algeria,1,0,African Cup of Nations,MTN,ALG,2024,1,23,109,37,0,2,0,0,CIV,CIV_2024_1,44,27.060714285714283,67.60714285714286
2024-01-23,Angola,Burkina Faso,2,0,African Cup of Nations,ANG,BFA,2024,1,23,85,66,0,0,0,0,CIV,CIV_2024_1,44,27.060714285714283,67.60714285714286
2024-01-23,Gambia,Cameroon,2,3,African Cup of Nations,GAM,CMR,2024,1,23,125,49,0,5,0,0,CIV,CIV_2024_1,44,27.060714285714283,67.60714285714286
2024-01-23,Guinea,Senegal,0,2,African Cup of Nations,GUI,SEN,2024,1,23,78,17,0,1,0,0,CIV,CIV_2024_1,44,27.060714285714283,67.60714285714286
2024-01-22,Cape Verde Islands,Egypt,2,2,African Cup of Nations,CPV,EGY,2024,1,22,72,33,0,7,0,0,CIV,CIV_2024_1,44,27.060714285714283,67.60714285714286
2024-01-22,Mozambique,Ghana,2,2,African Cup of Nations,MOZ,GHA,2024,1,22,96,77,0,4,0,0,CIV,CIV_2024_1,44,27.060714285714283,67.60714285714286
2024-01-22,Guinea-Bissau,Nigeria,0,1,African Cup of Nations,GNB,NGA,2024,1,22,120,44,0,3,0,0,CIV,CIV_2024_1,44,27.060714285714283,67.60714285714286
2024-01-22,Equatorial Guinea,Côte d'Ivoire,4,0,African Cup of Nations,EQG,CIV,2024,1,22,93,46,0,3,0,1,CIV,CIV_2024_1,44,27.060714285714283,67.60714285714286
2024-01-21,South Africa,Namibia,4,0,African Cup of Nations,RSA,NAM,2024,1,21,57,111,1,0,0,0,CIV,CIV_2024_1,44,27.060714285714283,67.60714285714286
2024-01-21,Zambia,Tanzania,1,1,African Cup of Nations,ZAM,TAN,2024,1,21,87,106,1,0,0,0,CIV,CIV_2024_1,44,27.060714285714283,67.60714285714286
2024-01-21,Morocco,Congo DR,1,1,African Cup of Nations,MAR,COD,2024,1,21,14,61,1,2,0,0,CIV,CIV_2024_1,44,27.060714285714283,67.60714285714286
2024-01-20,Tunisia,Mali,1,1,African Cup of Nations,TUN,MLI,2024,1,20,52,51,1,0,0,0,CIV,CIV_2024_1,44,27.060714285714283,67.60714285714286
2024-01-20,Mauritania,Angola,2,3,African Cup of Nations,MTN,ANG,2024,1,20,109,85,0,0,0,0,CIV,CIV_2024_1,44,27.060714285714283,67.60714285714286
2024-01-20,Algeria,Burkina Faso,2,2,African Cup of Nations,ALG,BFA,2024,1,20,37,66,2,0,0,0,CIV,CIV_2024_1,44,27.060714285714283,67.60714285714286
2024-01-19,Guinea,Gambia,1,0,African Cup of Nations,GUI,GAM,2024,1,19,78,125,0,0,0,0,CIV,CIV_2024_1,44,27.060714285714283,67.60714285714286
2024-01-19,Senegal,Cameroon,3,1,African Cup of Nations,SEN,CMR,2024,1,19,17,49,1,5,0,0,CIV,CIV_2024_1,44,27.060714285714283,67.60714285714286
2024-01-19,Cape Verde Islands,Mozambique,3,0,African Cup of Nations,CPV,MOZ,2024,1,19,72,96,0,0,0,0,CIV,CIV_2024_1,44,27.060714285714283,67.60714285714286
2024-01-18,Côte d'Ivoire,Nigeria,0,1,African Cup of Nations,CIV,NGA,2024,1,18,46,44,3,3,1,0,CIV,CIV_2024_1,44,27.060714285714283,67.60714285714286
2024-01-18,Equatorial Guinea,Guinea-Bissau,4,2,African Cup of Nations,EQG,GNB,2024,1,18,93,120,0,0,0,0,CIV,CIV_2024_1,44,27.060714285714283,67.60714285714286
2024-01-17,Congo DR,Zambia,1,1,African Cup of Nations,COD,ZAM,2024,1,17,61,87,2,1,0,0,CIV,CIV_2024_1,44,27.060714285714283,67.60714285714286
2024-01-17,Morocco,Tanzania,3,0,African Cup of Nations,MAR,TAN,2024,1,17,14,106,1,0,0,0,CIV,CIV_2024_1,44,27.060714285714283,67.60714285714286
2024-01-16,Tunisia,Namibia,0,1,African Cup of Nations,TUN,NAM,2024,1,16,52,111,1,0,0,0,CIV,CIV_2024_1,44,27.060714285714283,67.60714285714286
2024-01-16,Burkina Faso,Mauritania,1,0,African Cup of Nations,BFA,MTN,2024,1,16,66,109,0,0,0,0,CIV,CIV_2024_1,44,27.060714285714283,67.60714285714286
2024-01-16,Mali,South Africa,2,0,African Cup of Nations,MLI,RSA,2024,1,16,51,57,0,1,0,0,CIV,CIV_2024_1,44,27.060714285714283,67.60714285714286
2024-01-15,Algeria,Angola,1,1,African Cup of Nations,ALG,ANG,2024,1,15,37,85,2,0,0,0,CIV,CIV_2024_1,44,27.060714285714283,67.60714285714286
2024-01-15,Cameroon,Guinea,1,1,African Cup of Nations,CMR,GUI,2024,1,15,49,78,5,0,0,0,CIV,CIV_2024_1,44,27.060714285714283,67.60714285714286
2024-01-15,Senegal,Gambia,3,0,African Cup of Nations,SEN,GAM,2024,1,15,17,125,1,0,0,0,CIV,CIV_2024_1,44,27.060714285714283,67.60714285714286
2024-01-13,Côte d'Ivoire,Guinea-Bissau,2,0,African Cup of Nations,CIV,GNB,2024,1,13,46,120,3,0,1,0,CIV,CIV_2024_1,44,27.060714285714283,67.60714285714286
